<?xml version='1.0'>
<!DOCTYPE hibernate-configuration PUBLIC
"-//Hibernate/Hibernate Configuration DTD 3.0//EN"
"http://hibernate.sourceforge.net/hibernate-configuration-3.0.dtd">
<hibernate-configuration>
	<session-factory>
		<property name="show_sql">true</property>
		<property name="connection.url">jdbc:mysql://localhost:3306/testdb</property>
		<property name="connection.username">root</property>
		<property name="connection.password">root</property>
		<property name="connection.driver_class">com.mysql.jdbc.Driver</property>
		<property name="dialect">org.hibernate.dialect.MySQLDialect</property>
		
		<property name="hibernate.hbm2ddl.auto">none</property>
		
		<mapping resources="entity/TeachAssitant.hbm.xml" />
		
		<mapping class="entity.Student" />
	</session-factory>
</hibernate-configuration>