<?xml version="1.0" encoding="UTF-8"?>
<?xml-stylesheet type="text/xsl" href="drivers.xsl" ?>

<!-- Deborah Barndt
 	 Thomas Boller
 	 2-23-18
 	 drivers.xml
 	 Programming Assignment 2
 	 This xml file holds the driver information for the car services.
 	 Written by Deborah Barndt & Thomas Boller. -->

<drivers>
	
	<driver>
		<vehicle_id>1001</vehicle_id>
		<driver_type>taxi</driver_type>
		<license>A123456789</license>
		<user_id>antman12</user_id>
		<name>Scott Lang</name>
		<current_loc>Chicago</current_loc>
	</driver>
	
	<driver>
		<vehicle_id>1002</vehicle_id>
		<driver_type>delivery</driver_type>
		<license>B987654123</license>
		<user_id>bbarnes</user_id>
		<name>Bucky Barnes</name>
		<current_loc>Chicago</current_loc>
	</driver>
	
	<driver>
		<vehicle_id>1003</vehicle_id>
		<driver_type>taxi</driver_type>
		<license>J654123987</license>
		<user_id>jessjones3</user_id>
		<name>Jessica Jones</name>
		<current_loc>Chicago</current_loc>
	</driver>
	
	<driver>
		<vehicle_id>1004</vehicle_id>
		<driver_type>delivery</driver_type>
		<license>M456852147</license>
		<user_id>lrmiller</user_id>
		<name>Layla Miller</name>
		<current_loc>Chicago</current_loc>
	</driver>
	
	<driver>
		<vehicle_id>1005</vehicle_id>
		<driver_type>taxi</driver_type>
		<license>O965741325</license>
		<user_id>grngoblin</user_id>
		<name>Harry Osborn</name>
		<current_loc>Chicago</current_loc>
	</driver>
	
	<driver>
		<vehicle_id>1006</vehicle_id>
		<driver_type>delivery</driver_type>
		<license>Q658941753</license>
		<user_id>strlord</user_id>
		<name>Peter Quill</name>
		<current_loc>Chicago</current_loc>
	</driver>

</drivers>